{"stats":{"minecraft:crafted":{"minecraft:stone_button":1},"minecraft:mined":{"minecraft:gray_stained_glass_pane":12,"minecraft:lever":1,"minecraft:stone_button":1,"redstonepen:control_box":1,"minecraft:redstone_wire":1,"minecraft:pearlescent_froglight":1},"minecraft:custom":{"minecraft:mob_kills":1,"minecraft:interact_with_anvil":1,"minecraft:leave_game":3,"minecraft:time_since_death":256597,"minecraft:time_since_rest":256597,"minecraft:sprint_one_cm":41364,"minecraft:damage_taken":160,"minecraft:walk_one_cm":469362,"minecraft:drop":19,"minecraft:damage_dealt":150,"minecraft:interact_with_beacon":1,"minecraft:talked_to_villager":3,"minecraft:fly_one_cm":236970,"minecraft:open_chest":2,"minecraft:crouch_one_cm":2671,"minecraft:play_time":256597,"minecraft:sneak_time":2987,"minecraft:walk_under_water_one_cm":65,"minecraft:jump":359,"minecraft:walk_on_water_one_cm":79,"minecraft:total_world_time":302462,"minecraft:fall_one_cm":3807},"minecraft:dropped":{"minecraft:oak_slab":1,"minecraft:lever":2,"minecraft:cooked_beef":1,"minecraft:glow_ink_sac":1,"minecraft:sticky_piston":1,"redstonepen:control_box":2,"minecraft:lead":2,"minecraft:mangrove_door":12,"minecraft:leather":2,"minecraft:command_block":1,"minecraft:stone_button":11,"minecraft:spruce_planks":1,"minecraft:wooden_axe":1,"minecraft:redstone_torch":2,"minecraft:birch_sign":1,"minecraft:sandstone":1,"minecraft:magma_block":1,"minecraft:redstone":2},"minecraft:used":{"minecraft:orange_dye":4,"minecraft:damaged_anvil":1,"minecraft:sandstone_stairs":1,"minecraft:red_stained_glass":3,"minecraft:redstone":170,"minecraft:powered_rail":79,"minecraft:oak_planks":321,"minecraft:spruce_planks":18,"minecraft:decorated_pot":3,"minecraft:chest":2,"minecraft:tinted_glass":52,"minecraft:sandstone":433,"minecraft:magenta_stained_glass":1,"minecraft:white_dye":1,"redstonepen:control_box":5,"minecraft:beacon":1,"minecraft:glow_ink_sac":10,"redstonepen:bridge_relay":1,"minecraft:player_head":4,"minecraft:smooth_sandstone_stairs":1,"minecraft:rail":91,"redstonepen:track":23,"minecraft:oak_slab":23,"minecraft:blue_stained_glass":8,"minecraft:red_bed":3,"minecraft:spruce_stairs":1,"minecraft:birch_sign":16,"minecraft:stone_brick_wall":8,"redstonepen:inverted_relay":1,"minecraft:light_blue_stained_glass":10,"minecraft:andesite_wall":9,"minecraft:redstone_torch":31,"minecraft:sticky_piston":10,"redstonepen:relay":1,"minecraft:crimson_button":2,"minecraft:lever":11,"minecraft:light":8,"minecraft:activator_rail":5,"minecraft:light_gray_stained_glass":1,"minecraft:mangrove_door":7,"minecraft:command_block":51,"minecraft:oak_button":1,"minecraft:barrier":6,"minecraft:stone_button":30,"minecraft:detector_rail":1,"minecraft:cherry_sign":1,"minecraft:lime_dye":5,"redstonepen:pen":71,"minecraft:repeater":141,"minecraft:redstone_lamp":15,"minecraft:magma_block":13,"minecraft:black_stained_glass":107,"minecraft:emerald_block":9,"minecraft:lime_stained_glass":3,"redstonepen:pulse_relay":1,"minecraft:white_stained_glass":1,"minecraft:chain_command_block":35,"minecraft:glass_pane":8,"redstonepen:bistable_relay":1,"minecraft:cooked_beef":2,"minecraft:stripped_oak_log":169,"minecraft:pearlescent_froglight":41,"minecraft:red_dye":1,"minecraft:observer":3,"minecraft:mossy_stone_brick_wall":4,"minecraft:smooth_stone":5,"minecraft:command_block_minecart":1,"minecraft:gray_stained_glass":24},"minecraft:picked_up":{"minecraft:magma_block":1,"minecraft:repeater":1,"minecraft:redstone_lamp":10,"minecraft:leather":2,"minecraft:lead":2,"minecraft:gunpowder":1,"minecraft:string":2,"minecraft:sticky_piston":1,"minecraft:bone":2,"minecraft:pearlescent_froglight":1,"minecraft:redstone_torch":1,"minecraft:stone_button":15,"minecraft:redstone":31,"redstonepen:control_box":1,"minecraft:lever":1,"minecraft:mangrove_door":22}},"DataVersion":3700}